;loan_id;account_id;loan_amount;loan_duration;monthly_loan_payment;loan_date_granted;loan_status
0;5314;1787;96396;12;8033.0;1993-07-05;finished-not-payed
1;5316;1801;165960;36;4610.0;1993-07-11;finished-no-problem
2;6863;9188;127080;60;2118.0;1993-07-28;finished-no-problem
3;5325;1843;105804;36;2939.0;1993-08-03;finished-no-problem
4;7240;11013;274740;60;4579.0;1993-09-06;finished-no-problem
5;6687;8261;87840;24;3660.0;1993-09-13;finished-no-problem
6;7284;11265;52788;12;4399.0;1993-09-15;finished-no-problem
7;6111;5428;174744;24;7281.0;1993-09-24;finished-not-payed
8;7235;10973;154416;48;3217.0;1993-10-13;finished-no-problem
9;5997;4894;117024;24;4876.0;1993-11-04;finished-no-problem
10;7121;10364;21924;36;609.0;1993-11-10;finished-no-problem
11;6077;5270;79608;24;3317.0;1993-11-22;finished-no-problem
12;6228;6034;464520;60;7742.0;1993-12-01;finished-not-payed
13;6356;6701;95400;36;2650.0;1993-12-08;finished-no-problem
14;5523;2705;93888;36;2608.0;1993-12-08;finished-no-problem
15;6456;7123;47016;12;3918.0;1993-12-09;finished-no-problem
16;7104;10320;259740;60;4329.0;1993-12-13;finished-no-problem
17;6820;9034;38148;12;3179.0;1993-12-16;finished-no-problem
18;6876;9236;86616;12;7218.0;1993-12-21;finished-no-problem
19;7097;10266;75624;24;3151.0;1993-12-23;finished-not-payed
20;4959;2;80952;24;3373.0;1994-01-05;finished-no-problem
21;6499;7401;80952;24;3373.0;1994-01-05;finished-no-problem
22;5479;2486;24516;12;2043.0;1994-01-10;finished-no-problem
23;5170;1071;253200;60;4220.0;1994-01-20;running-ok
24;6721;8475;21072;24;878.0;1994-01-21;finished-no-problem
25;7259;11111;108144;36;3004.0;1994-01-31;finished-no-problem
26;5285;1603;78936;12;6578.0;1994-02-06;finished-no-problem
27;5189;1166;149040;48;3105.0;1994-02-07;finished-no-problem
28;6650;8073;49320;12;4110.0;1994-02-17;finished-not-payed
29;7226;10940;197748;36;5493.0;1994-02-23;finished-no-problem
30;6087;5313;300660;60;5011.0;1994-02-27;running-ok
31;7262;11135;182628;36;5073.0;1994-03-01;finished-no-problem
32;5519;2694;91632;12;7636.0;1994-03-08;finished-no-problem
33;6577;7753;51696;24;2154.0;1994-03-11;finished-no-problem
34;6509;7445;55368;24;2307.0;1994-03-15;finished-no-problem
35;6520;7485;91200;24;3800.0;1994-03-16;finished-no-problem
36;6699;8330;7656;24;319.0;1994-03-30;finished-no-problem
37;6336;6555;212400;36;5900.0;1994-03-31;finished-no-problem
38;7055;10079;167100;60;2785.0;1994-04-06;running-ok
39;6103;5385;149340;60;2489.0;1994-04-07;running-ok
40;6202;5891;65184;12;5432.0;1994-04-18;finished-no-problem
41;7066;10131;215388;36;5983.0;1994-05-02;finished-not-payed
42;6696;8321;89040;60;1484.0;1994-05-09;running-ok
43;6072;5256;193968;36;5388.0;1994-05-10;finished-no-problem
44;5130;813;24312;12;2026.0;1994-05-11;finished-no-problem
45;5568;2933;272520;60;4542.0;1994-05-17;running-ok
46;6678;8173;80340;12;6695.0;1994-05-20;finished-no-problem
47;6998;9833;97632;12;8136.0;1994-05-21;finished-no-problem
48;6580;7769;196080;48;4085.0;1994-05-22;finished-no-problem
49;6316;6473;76908;12;6409.0;1994-05-26;finished-not-payed
50;6512;7454;63312;48;1319.0;1994-05-26;finished-no-problem
51;6407;6930;25944;24;1081.0;1994-05-26;finished-no-problem
52;5002;173;104808;12;8734.0;1994-05-31;finished-no-problem
53;6647;8051;208320;48;4340.0;1994-06-01;finished-no-problem
54;7137;10439;151560;24;6315.0;1994-06-03;finished-no-problem
55;6903;9337;52128;24;2172.0;1994-06-04;finished-no-problem
56;5918;4576;300204;36;8339.0;1994-06-04;finished-no-problem
57;6642;8027;77640;12;6470.0;1994-06-05;finished-no-problem
58;6210;5927;87216;48;1817.0;1994-06-06;finished-not-payed
59;6279;6273;87360;24;3640.0;1994-06-07;finished-no-problem
60;7249;11065;69360;48;1445.0;1994-06-12;finished-no-problem
61;6736;8558;288360;60;4806.0;1994-06-14;running-ok
62;6112;5442;174744;24;7281.0;1994-06-17;finished-not-payed
63;5319;1811;239460;60;3991.0;1994-06-23;running-ok
64;6596;7844;91584;24;3816.0;1994-06-25;finished-no-problem
65;5837;4260;244560;60;4076.0;1994-06-29;running-ok
66;5657;3354;4980;12;415.0;1994-07-05;finished-no-problem
67;5533;2762;111384;24;4641.0;1994-07-05;finished-no-problem
68;6232;6051;276660;36;7685.0;1994-07-08;finished-not-payed
69;6888;9265;39576;12;3298.0;1994-07-11;finished-no-problem
70;6066;5228;173808;24;7242.0;1994-07-11;finished-no-problem
71;5549;2824;50460;60;841.0;1994-07-16;running-ok
72;5060;426;252060;60;4201.0;1994-07-19;running-debt
73;6004;4937;143904;24;5996.0;1994-07-23;finished-no-problem
74;5126;790;208128;48;4336.0;1994-07-24;finished-not-payed
75;7220;10911;131292;36;3647.0;1994-07-28;finished-no-problem
76;6668;8129;74736;36;2076.0;1994-07-30;finished-no-problem
77;5395;2176;299088;36;8308.0;1994-07-30;finished-not-payed
78;6836;9093;189300;60;3155.0;1994-08-03;running-ok
79;6064;5215;14628;12;1219.0;1994-08-04;finished-no-problem
80;6919;9403;120888;36;3358.0;1994-08-05;finished-no-problem
81;6841;9104;172080;48;3585.0;1994-08-07;finished-no-problem
82;6038;5120;323472;48;6739.0;1994-08-10;finished-no-problem
83;6729;8519;74688;12;6224.0;1994-08-11;finished-no-problem
84;7198;10788;45768;12;3814.0;1994-08-23;finished-no-problem
85;6686;8260;224604;36;6239.0;1994-08-25;finished-no-problem
86;5836;4259;79632;24;3318.0;1994-08-27;finished-no-problem
87;7061;10105;121896;24;5079.0;1994-08-27;finished-no-problem
88;5595;3050;82896;12;6908.0;1994-09-02;finished-no-problem
89;5723;3674;23628;12;1969.0;1994-09-10;finished-no-problem
90;6120;5481;209184;48;4358.0;1994-09-11;finished-no-problem
91;6895;9307;41904;12;3492.0;1994-09-19;finished-no-problem
92;5882;4427;87816;12;7318.0;1994-09-26;finished-no-problem
93;5754;3834;23052;12;1921.0;1994-09-28;finished-no-problem
94;6594;7824;189696;24;7904.0;1994-09-28;finished-not-payed
95;6738;8566;230220;36;6395.0;1994-09-29;finished-not-payed
96;6624;7965;71460;12;5955.0;1994-09-30;finished-no-problem
97;6216;5952;141240;24;5885.0;1994-09-30;finished-no-problem
98;6229;6040;11736;24;489.0;1994-10-02;finished-no-problem
99;5887;4448;192744;36;5354.0;1994-10-03;finished-no-problem
100;6808;8982;227880;36;6330.0;1994-10-12;finished-no-problem
101;6297;6363;17508;12;1459.0;1994-10-25;finished-no-problem
102;5161;1012;98184;24;4091.0;1994-10-28;finished-no-problem
103;5390;2167;170256;24;7094.0;1994-10-30;finished-no-problem
104;6150;5622;83016;12;6918.0;1994-11-02;finished-no-problem
105;6223;5991;61056;48;1272.0;1994-11-03;finished-no-problem
106;5032;290;123696;48;2577.0;1994-11-03;finished-no-problem
107;6253;6148;59760;24;2490.0;1994-11-04;finished-no-problem
108;6460;7133;48672;36;1352.0;1994-11-06;finished-no-problem
109;6645;8041;140400;36;3900.0;1994-11-06;finished-no-problem
110;5176;1106;192552;24;8023.0;1994-11-12;finished-not-payed
111;5269;1527;164052;36;4557.0;1994-11-19;finished-not-payed
112;5351;1978;205200;36;5700.0;1994-12-04;finished-no-problem
113;5861;4337;51408;24;2142.0;1994-12-08;finished-no-problem
114;5450;2345;199680;60;3328.0;1994-12-11;running-ok
115;7142;10451;482940;60;8049.0;1994-12-19;running-debt
116;6306;6425;36684;12;3057.0;1994-12-20;finished-no-problem
117;6272;6226;398640;60;6644.0;1994-12-20;running-ok
118;5044;344;100980;60;1683.0;1994-12-21;running-ok
119;5576;2962;31248;12;2604.0;1994-12-21;finished-no-problem
120;7192;10738;115992;36;3222.0;1994-12-21;finished-no-problem
121;5739;3747;76380;12;6365.0;1995-01-02;finished-no-problem
122;6526;7523;288468;36;8013.0;1995-01-03;finished-no-problem
123;5624;3166;177744;48;3703.0;1995-01-03;running-debt
124;6244;6118;270648;36;7518.0;1995-01-08;finished-not-payed
125;5131;816;48624;24;2026.0;1995-01-08;finished-no-problem
126;6960;9640;76416;24;3184.0;1995-01-11;finished-no-problem
127;6358;6715;137880;60;2298.0;1995-01-14;running-debt
128;5418;2245;347952;48;7249.0;1995-01-16;running-ok
129;6598;7857;68112;12;5676.0;1995-01-18;finished-no-problem
130;5464;2419;95808;12;7984.0;1995-01-30;finished-no-problem
131;6591;7819;20832;48;434.0;1995-02-02;running-ok
132;5724;3678;316140;60;5269.0;1995-02-05;running-debt
133;6315;6472;43164;12;3597.0;1995-02-06;finished-no-problem
134;5876;4413;221280;48;4610.0;1995-02-08;running-ok
135;6986;9750;151728;48;3161.0;1995-02-11;running-debt
136;6294;6353;79920;60;1332.0;1995-02-12;running-ok
137;5132;817;538500;60;8975.0;1995-02-17;running-ok
138;5877;4414;97224;24;4051.0;1995-02-23;finished-no-problem
139;6227;6030;28248;24;1177.0;1995-03-04;finished-no-problem
140;7241;11021;168984;24;7041.0;1995-03-04;finished-not-payed
141;6737;8564;76680;24;3195.0;1995-03-11;finished-no-problem
142;7004;9869;331560;60;5526.0;1995-03-15;running-ok
143;6169;5700;103680;60;1728.0;1995-03-16;running-debt
144;5208;1247;99696;48;2077.0;1995-03-16;running-debt
145;6694;8316;134784;24;5616.0;1995-03-19;finished-no-problem
146;5599;3064;15420;12;1285.0;1995-03-21;finished-no-problem
147;6546;7607;31728;24;1322.0;1995-03-27;finished-no-problem
148;5414;2228;185952;48;3874.0;1995-03-29;running-ok
149;5453;2361;156672;36;4352.0;1995-04-01;finished-no-problem
150;5740;3752;18564;12;1547.0;1995-04-02;finished-no-problem
151;5804;4079;158976;48;3312.0;1995-04-05;running-ok
152;6745;8625;47304;24;1971.0;1995-04-10;finished-no-problem
153;6950;9591;104712;24;4363.0;1995-04-11;finished-no-problem
154;6996;9828;126600;24;5275.0;1995-04-13;finished-no-problem
155;5352;1993;68400;12;5700.0;1995-04-15;finished-not-payed
156;6151;5628;225420;60;3757.0;1995-04-25;running-ok
157;5310;1762;248148;36;6893.0;1995-04-28;finished-no-problem
158;5045;347;187224;24;7801.0;1995-05-01;finished-not-payed
159;6929;9472;36396;12;3033.0;1995-05-08;finished-no-problem
160;5151;960;189060;60;3151.0;1995-05-24;running-ok
161;5212;1256;71064;36;1974.0;1995-05-29;finished-no-problem
162;5138;854;87216;48;1817.0;1995-05-30;running-ok
163;5713;3629;158760;60;2646.0;1995-05-30;running-ok
164;6704;8377;417060;60;6951.0;1995-06-01;running-ok
165;6474;7190;63360;60;1056.0;1995-06-06;running-ok
166;6676;8159;29784;24;1241.0;1995-06-13;finished-no-problem
167;6965;9656;139536;24;5814.0;1995-06-13;finished-no-problem
168;6725;8489;265320;36;7370.0;1995-06-23;finished-no-problem
169;7166;10630;198240;24;8260.0;1995-06-24;finished-no-problem
170;7138;10440;60000;60;1000.0;1995-07-03;running-ok
171;5970;4774;465072;48;9689.0;1995-07-09;running-ok
172;6157;5650;98592;24;4108.0;1995-07-10;finished-no-problem
173;6153;5632;285600;60;4760.0;1995-07-25;running-ok
174;5693;3489;44088;24;1837.0;1995-08-01;finished-no-problem
175;5922;4580;20220;12;1685.0;1995-08-05;finished-no-problem
176;5959;4727;107640;24;4485.0;1995-08-11;finished-no-problem
177;5980;4825;21396;12;1783.0;1995-08-18;finished-no-problem
178;6764;8776;33984;48;708.0;1995-08-26;running-ok
179;5237;1375;45336;24;1889.0;1995-08-29;finished-no-problem
180;6726;8492;85860;60;1431.0;1995-09-03;running-ok
181;6933;9493;188688;48;3931.0;1995-09-09;running-ok
182;5145;915;309552;48;6449.0;1995-09-16;running-ok
183;7008;9897;36168;12;3014.0;1995-09-22;finished-no-problem
184;7227;10942;314520;60;5242.0;1995-10-02;running-ok
185;6600;7861;21852;36;607.0;1995-10-08;finished-no-problem
186;6712;8405;266220;60;4437.0;1995-10-14;running-ok
187;7057;10093;231696;36;6436.0;1995-10-20;finished-no-problem
188;7176;10663;260028;36;7223.0;1995-10-28;finished-no-problem
189;7304;11349;419880;60;6998.0;1995-10-29;running-ok
190;6362;6738;37908;12;3159.0;1995-10-31;finished-no-problem
191;5880;4423;73836;36;2051.0;1995-10-31;finished-no-problem
192;6535;7546;41952;12;3496.0;1995-11-02;finished-no-problem
193;5449;2343;99336;24;4139.0;1995-11-04;finished-no-problem
194;6342;6609;60156;36;1671.0;1995-11-12;finished-not-payed
195;5409;2218;182040;60;3034.0;1995-11-18;running-ok
196;6955;9627;244368;48;5091.0;1995-11-22;running-ok
197;6985;9731;113796;36;3161.0;1995-11-22;finished-no-problem
198;5125;789;73056;48;1522.0;1995-11-23;running-ok
199;5805;4081;137904;24;5746.0;1995-11-28;finished-not-payed
200;6185;5774;31176;24;1299.0;1995-11-28;finished-no-problem
201;7243;11042;217152;36;6032.0;1995-12-04;finished-no-problem
202;6403;6924;194880;48;4060.0;1995-12-05;running-ok
203;6578;7765;27984;12;2332.0;1995-12-11;finished-no-problem
204;5413;2227;92976;24;3874.0;1995-12-12;finished-no-problem
205;6949;9583;104712;24;4363.0;1995-12-12;finished-no-problem
206;6545;7606;191880;60;3198.0;1995-12-12;running-ok
207;6178;5742;232560;48;4845.0;1995-12-16;running-ok
208;5160;1011;204000;60;3400.0;1995-12-18;running-ok
209;6785;8899;125340;60;2089.0;1995-12-25;running-ok
210;6540;7562;309600;48;6450.0;1995-12-31;running-ok
211;6589;7815;189696;24;7904.0;1996-01-01;finished-no-problem
212;5900;4503;135360;48;2820.0;1996-01-01;running-ok
213;5999;4907;98832;48;2059.0;1996-01-03;running-ok
214;6043;5126;20352;48;424.0;1996-01-11;running-ok
215;5482;2496;165120;60;2752.0;1996-01-12;running-ok
216;7263;11138;89880;24;3745.0;1996-01-19;finished-no-problem
217;6013;4995;128988;36;3583.0;1996-02-03;running-debt
218;5750;3804;63252;12;5271.0;1996-02-08;finished-no-problem
219;6027;5066;61656;24;2569.0;1996-02-10;finished-not-payed
220;6303;6400;72408;24;3017.0;1996-02-12;finished-not-payed
221;7213;10884;113544;36;3154.0;1996-02-13;running-ok
222;6659;8092;56100;60;935.0;1996-02-20;running-ok
223;6175;5735;290700;60;4845.0;1996-02-21;running-debt
224;5610;3112;123216;48;2567.0;1996-02-24;running-ok
225;5563;2912;380160;60;6336.0;1996-02-29;running-ok
226;5989;4852;213300;36;5925.0;1996-03-04;running-ok
227;6698;8327;247728;48;5161.0;1996-03-10;running-ok
228;5312;1772;202788;36;5633.0;1996-03-13;running-ok
229;7189;10728;154656;48;3222.0;1996-03-21;running-ok
230;6816;9017;100224;48;2088.0;1996-03-26;running-debt
231;6137;5574;44628;12;3719.0;1996-04-10;finished-no-problem
232;5128;808;215616;48;4492.0;1996-04-11;running-debt
233;5470;2456;200976;48;4187.0;1996-04-15;running-ok
234;5593;3037;277884;36;7719.0;1996-04-18;running-debt
235;5350;1967;249312;48;5194.0;1996-04-21;running-ok
236;6063;5213;320976;48;6687.0;1996-04-25;running-debt
237;6501;7418;30276;12;2523.0;1996-04-29;finished-not-payed
238;5452;2352;49440;60;824.0;1996-04-29;running-ok
239;4961;19;30276;12;2523.0;1996-04-29;finished-not-payed
240;4973;67;165960;24;6915.0;1996-05-02;finished-no-problem
241;6190;5794;123600;60;2060.0;1996-05-06;running-ok
242;6715;8411;220620;60;3677.0;1996-05-06;running-ok
243;5892;4462;66480;24;2770.0;1996-05-14;finished-not-payed
244;6550;7614;320592;48;6679.0;1996-05-18;running-ok
245;5706;3608;161496;36;4486.0;1996-05-24;running-ok
246;5148;940;284280;60;4738.0;1996-05-29;running-ok
247;6734;8547;173016;36;4806.0;1996-05-30;running-ok
248;6109;5422;368880;60;6148.0;1996-06-03;running-ok
249;6961;9645;176148;36;4893.0;1996-06-06;running-ok
250;6810;9006;186384;48;3883.0;1996-06-08;running-ok
251;5494;2572;360000;48;7500.0;1996-06-13;running-ok
252;5311;1766;30060;60;501.0;1996-06-15;running-ok
253;5445;2322;46320;24;1930.0;1996-06-29;finished-no-problem
254;5301;1698;141948;36;3943.0;1996-07-06;running-ok
255;7034;10001;19044;36;529.0;1996-07-11;running-ok
256;6751;8680;85716;36;2381.0;1996-07-14;running-ok
257;6667;8127;155880;24;6495.0;1996-07-15;finished-no-problem
258;6130;5541;32640;48;680.0;1996-07-18;running-ok
259;5429;2268;20196;36;561.0;1996-07-18;running-ok
260;5725;3679;444864;48;9268.0;1996-07-23;running-ok
261;6019;5033;11400;12;950.0;1996-07-25;finished-no-problem
262;6421;6985;96768;36;2688.0;1996-07-25;running-ok
263;6992;9790;133968;48;2791.0;1996-07-27;running-ok
264;5136;846;187104;24;7796.0;1996-07-28;finished-no-problem
265;5337;1886;162468;36;4513.0;1996-07-31;running-ok
266;5495;2580;89340;60;1489.0;1996-08-02;running-ok
267;7013;9928;89340;60;1489.0;1996-08-02;running-ok
268;6012;4994;258444;36;7179.0;1996-08-03;running-ok
269;6471;7184;155640;24;6485.0;1996-08-04;finished-no-problem
270;6296;6358;270384;48;5633.0;1996-08-06;running-ok
271;7305;11359;54024;12;4502.0;1996-08-06;finished-no-problem
272;6144;5593;44376;12;3698.0;1996-08-09;finished-no-problem
273;6283;6289;85632;48;1784.0;1996-08-11;running-ok
274;7246;11054;148920;60;2482.0;1996-08-20;running-ok
275;5088;544;91152;24;3798.0;1996-08-22;finished-no-problem
276;5988;4851;141648;24;5902.0;1996-08-22;finished-no-problem
277;5282;1583;388512;48;8094.0;1996-08-24;running-debt
278;5938;4650;402000;60;6700.0;1996-08-25;running-ok
279;5606;3084;253512;36;7042.0;1996-08-28;running-debt
280;5385;2143;71460;36;1985.0;1996-09-09;running-ok
281;6865;9199;29448;12;2454.0;1996-09-11;finished-not-payed
282;5586;2994;48744;36;1354.0;1996-09-14;running-ok
283;6302;6397;181020;60;3017.0;1996-09-16;running-ok
284;7194;10762;68832;36;1912.0;1996-09-17;running-ok
285;6461;7136;74124;36;2059.0;1996-09-19;running-ok
286;6732;8533;174048;48;3626.0;1996-09-19;running-ok
287;6613;7926;84120;24;3505.0;1996-09-22;finished-no-problem
288;7036;10019;194940;36;5415.0;1996-09-25;running-ok
289;5897;4476;15192;24;633.0;1996-09-25;finished-no-problem
290;6995;9814;96168;12;8014.0;1996-09-26;finished-no-problem
291;5415;2236;139464;36;3874.0;1996-09-26;running-debt
292;7136;10436;54396;36;1511.0;1996-09-28;running-ok
293;7271;11186;392460;60;6541.0;1996-10-02;running-ok
294;5375;2106;101520;12;8460.0;1996-10-03;finished-no-problem
295;5635;3230;77184;36;2144.0;1996-10-04;running-ok
296;6817;9024;70656;48;1472.0;1996-10-04;running-ok
297;5923;4585;64656;48;1347.0;1996-10-10;running-ok
298;5329;1862;396120;60;6602.0;1996-10-16;running-ok
299;6644;8039;93600;24;3900.0;1996-10-20;finished-no-problem
300;6354;6688;22968;36;638.0;1996-10-23;running-ok
301;5082;501;262980;60;4383.0;1996-10-24;running-ok
302;6585;7795;372120;60;6202.0;1996-10-29;running-ok
303;6921;9422;86184;12;7182.0;1996-10-29;finished-no-problem
304;5366;2062;86184;12;7182.0;1996-10-29;finished-no-problem
305;5886;4447;192744;36;5354.0;1996-10-31;running-ok
306;5741;3754;68544;24;2856.0;1996-11-03;finished-no-problem
307;4996;132;88440;12;7370.0;1996-11-06;finished-no-problem
308;6015;5001;110112;24;4588.0;1996-11-09;finished-no-problem
309;6309;6434;110136;24;4589.0;1996-11-11;finished-no-problem
310;6073;5263;276300;60;4605.0;1996-11-12;running-ok
311;6006;4948;359760;60;5996.0;1996-11-15;running-ok
312;5611;3115;321180;60;5353.0;1996-11-15;running-ok
313;6944;9548;46176;48;962.0;1996-11-15;running-ok
314;7101;10297;421008;48;8771.0;1996-11-18;running-ok
315;6599;7859;72120;12;6010.0;1996-11-19;finished-no-problem
316;6940;9510;228276;36;6341.0;1996-11-22;running-ok
317;5209;1250;182640;48;3805.0;1996-11-25;running-ok
318;5388;2153;61560;12;5130.0;1996-11-28;finished-no-problem
319;6011;4981;179328;48;3736.0;1996-11-28;running-ok
320;5591;3021;155616;48;3242.0;1996-12-04;running-ok
321;7154;10520;417600;60;6960.0;1996-12-05;running-ok
322;7130;10411;123408;24;5142.0;1996-12-11;finished-no-problem
323;6818;9030;155616;48;3242.0;1996-12-12;running-ok
324;5625;3189;222180;60;3703.0;1996-12-15;running-debt
325;6805;8972;45024;48;938.0;1996-12-21;running-ok
326;7233;10963;115812;36;3217.0;1996-12-25;running-ok
327;7308;11362;129408;24;5392.0;1996-12-27;finished-no-problem
328;5895;4473;93960;60;1566.0;1997-01-03;running-ok
329;7122;10365;260640;36;7240.0;1997-01-04;running-debt
330;6173;5724;232560;48;4845.0;1997-01-08;running-ok
331;6142;5591;221880;60;3698.0;1997-01-21;running-ok
332;5358;2018;38520;12;3210.0;1997-01-21;finished-no-problem
333;6095;5358;68340;60;1139.0;1997-01-24;running-ok
334;6878;9242;23184;12;1932.0;1997-01-24;finished-no-problem
335;6554;7637;390096;48;8127.0;1997-01-29;running-ok
336;6793;8931;186300;60;3105.0;1997-01-30;running-ok
337;7286;11271;67320;36;1870.0;1997-01-31;running-ok
338;6076;5269;117420;60;1957.0;1997-02-02;running-ok
339;5134;825;53076;12;4423.0;1997-02-02;finished-no-problem
340;5419;2246;415800;60;6930.0;1997-02-05;running-ok
341;6255;6158;247920;48;5165.0;1997-02-08;running-debt
342;5656;3353;146064;24;6086.0;1997-02-09;running-ok
343;6934;9494;116832;12;9736.0;1997-02-09;finished-no-problem
344;6028;5072;317520;60;5292.0;1997-02-09;running-ok
345;6490;7262;73260;60;1221.0;1997-02-10;running-ok
346;6415;6950;475680;48;9910.0;1997-02-12;running-ok
347;7087;10215;44304;24;1846.0;1997-02-20;running-ok
348;5420;2247;72504;24;3021.0;1997-02-24;running-ok
349;5977;4803;59136;48;1232.0;1997-02-25;running-ok
350;6824;9052;71976;24;2999.0;1997-02-26;running-debt
351;5207;1244;35904;48;748.0;1997-02-28;running-ok
352;7115;10351;88704;48;1848.0;1997-03-04;running-ok
353;7250;11069;119136;48;2482.0;1997-03-04;running-ok
354;6010;4969;150180;60;2503.0;1997-03-06;running-ok
355;6088;5317;90180;36;2505.0;1997-03-07;running-ok
356;5682;3455;67464;12;5622.0;1997-03-07;finished-no-problem
357;7201;10807;67464;12;5622.0;1997-03-07;finished-no-problem
358;6938;9504;341280;60;5688.0;1997-03-10;running-ok
359;6875;9235;83280;48;1735.0;1997-03-13;running-ok
360;5953;4715;97176;24;4049.0;1997-03-14;running-ok
361;5942;4681;162624;48;3388.0;1997-03-15;running-ok
362;5382;2134;22932;36;637.0;1997-03-17;running-ok
363;6377;6792;17184;12;1432.0;1997-03-17;finished-no-problem
364;5931;4618;66696;24;2779.0;1997-03-17;running-debt
365;5992;4863;76080;12;6340.0;1997-03-18;finished-no-problem
366;5790;4033;84288;48;1756.0;1997-03-20;running-ok
367;6753;8688;67980;12;5665.0;1997-03-20;finished-no-problem
368;6562;7674;94488;24;3937.0;1997-03-21;running-ok
369;7046;10049;91632;12;7636.0;1997-03-28;finished-no-problem
370;5868;4361;90156;12;7513.0;1997-03-29;finished-no-problem
371;5784;3967;84600;36;2350.0;1997-03-29;running-debt
372;5878;4415;74040;12;6170.0;1997-04-01;finished-no-problem
373;5110;675;102240;60;1704.0;1997-04-01;running-ok
374;5210;1252;148140;36;4115.0;1997-04-01;running-ok
375;7230;10954;18720;60;312.0;1997-04-02;running-ok
376;5005;176;27456;12;2288.0;1997-04-10;finished-no-problem
377;6871;9225;164256;48;3422.0;1997-04-13;running-ok
378;5363;2051;293880;60;4898.0;1997-04-22;running-debt
379;7253;11079;98304;12;8192.0;1997-04-26;finished-no-problem
380;6055;5181;399120;60;6652.0;1997-04-28;running-ok
381;5072;472;196800;24;8200.0;1997-04-28;running-debt
382;6913;9377;99936;24;4164.0;1997-04-29;running-ok
383;6386;6856;124344;36;3454.0;1997-04-30;running-ok
384;5634;3229;39024;12;3252.0;1997-05-01;finished-no-problem
385;5758;3859;307200;60;5120.0;1997-05-02;running-debt
386;6819;9031;50112;24;2088.0;1997-05-03;running-ok
387;7088;10233;239160;60;3986.0;1997-05-03;running-ok
388;5039;314;66840;24;2785.0;1997-05-03;running-ok
389;5532;2754;335280;48;6985.0;1997-05-04;running-ok
390;6037;5118;53232;48;1109.0;1997-05-04;running-ok
391;6322;6510;76992;24;3208.0;1997-05-06;running-ok
392;6887;9263;39576;12;3298.0;1997-05-08;finished-no-problem
393;6660;8094;220428;36;6123.0;1997-05-09;running-ok
394;5451;2350;159744;48;3328.0;1997-05-11;running-ok
395;6014;4999;165168;36;4588.0;1997-05-18;running-ok
396;5556;2872;268320;60;4472.0;1997-05-19;running-ok
397;6346;6649;100260;60;1671.0;1997-05-22;running-ok
398;5850;4293;164196;36;4561.0;1997-05-22;running-ok
399;5940;4660;106944;24;4456.0;1997-05-28;running-ok
400;7119;10361;86880;12;7240.0;1997-06-02;finished-no-problem
401;5253;1447;100080;48;2085.0;1997-06-03;running-ok
402;6851;9138;272220;60;4537.0;1997-06-03;running-debt
403;6695;8320;309660;60;5161.0;1997-06-04;running-ok
404;6908;9353;188616;24;7859.0;1997-06-08;running-ok
405;7255;11096;213300;60;3555.0;1997-06-09;running-ok
406;5674;3418;207264;48;4318.0;1997-06-10;running-ok
407;6278;6265;87360;24;3640.0;1997-06-10;running-ok
408;5486;2516;466608;48;9721.0;1997-06-13;running-ok
409;5174;1093;385104;48;8023.0;1997-06-13;running-ok
410;6621;7957;42900;12;3575.0;1997-06-14;finished-no-problem
411;6313;6461;150912;36;4192.0;1997-06-15;running-ok
412;6435;7045;288720;48;6015.0;1997-06-16;running-ok
413;6970;9677;31620;60;527.0;1997-06-17;running-ok
414;6310;6440;34572;12;2881.0;1997-06-17;finished-no-problem
415;5932;4626;33348;12;2779.0;1997-06-18;finished-no-problem
416;6877;9241;285240;60;4754.0;1997-06-19;running-ok
417;6763;8772;88272;48;1839.0;1997-06-19;running-ok
418;7085;10202;305424;48;6363.0;1997-06-19;running-ok
419;7049;10063;233424;36;6484.0;1997-06-24;running-ok
420;6959;9633;59448;24;2477.0;1997-06-30;running-debt
421;5214;1270;74772;36;2077.0;1997-07-01;running-ok
422;6350;6678;294384;48;6133.0;1997-07-09;running-ok
423;5063;442;357840;48;7455.0;1997-07-10;running-debt
424;5041;319;369000;60;6150.0;1997-07-11;running-ok
425;5086;525;210384;48;4383.0;1997-07-16;running-ok
426;6942;9513;18324;12;1527.0;1997-07-16;finished-no-problem
427;5270;1528;191088;48;3981.0;1997-07-21;running-ok
428;6705;8381;333648;48;6951.0;1997-07-25;running-debt
429;7051;10068;77808;12;6484.0;1997-07-28;finished-no-problem
430;6758;8742;33144;12;2762.0;1997-07-29;finished-no-problem
431;6249;6138;67608;24;2817.0;1997-07-30;running-ok
432;5808;4099;41856;48;872.0;1997-07-31;running-ok
433;5377;2116;92400;12;7700.0;1997-08-04;finished-no-problem
434;5446;2334;48312;24;2013.0;1997-08-04;running-ok
435;5856;4320;51360;12;4280.0;1997-08-09;finished-not-payed
436;4986;97;102876;12;8573.0;1997-08-10;finished-no-problem
437;7001;9859;300600;60;5010.0;1997-08-10;running-ok
438;6677;8169;97980;60;1633.0;1997-08-12;running-ok
439;6665;8114;99300;60;1655.0;1997-08-15;running-ok
440;5817;4127;100800;24;4200.0;1997-08-15;running-debt
441;6984;9730;116040;60;1934.0;1997-08-15;running-ok
442;6541;7565;153504;48;3198.0;1997-08-17;running-ok
443;5117;718;76944;12;6412.0;1997-08-20;finished-no-problem
444;6097;5362;202848;48;4226.0;1997-08-21;running-ok
445;5389;2165;78600;24;3275.0;1997-08-22;running-ok
446;7219;10905;57120;48;1190.0;1997-08-23;running-ok
447;6338;6592;390660;60;6511.0;1997-08-24;running-ok
448;6922;9424;83628;36;2323.0;1997-08-26;running-ok
449;5367;2064;83628;36;2323.0;1997-08-26;running-ok
450;5638;3249;68124;12;5677.0;1997-08-27;finished-no-problem
451;5830;4190;405780;60;6763.0;1997-08-28;running-ok
452;5338;1888;57360;12;4780.0;1997-08-30;finished-not-payed
453;6007;4949;289920;48;6040.0;1997-08-30;running-ok
454;6612;7907;97392;12;8116.0;1997-08-31;finished-no-problem
455;5718;3637;14028;12;1169.0;1997-09-01;finished-no-problem
456;6104;5395;158184;36;4394.0;1997-09-05;running-ok
457;5229;1329;23520;12;1960.0;1997-09-06;finished-no-problem
458;6625;7966;473280;60;7888.0;1997-09-07;running-debt
459;5206;1242;128544;24;5356.0;1997-09-07;running-ok
460;5963;4746;204780;60;3413.0;1997-09-07;running-ok
461;4990;110;162576;36;4516.0;1997-09-08;running-ok
462;6641;8026;128268;36;3563.0;1997-09-09;running-ok
463;5369;2080;214596;36;5961.0;1997-09-12;running-ok
464;6196;5837;177804;36;4939.0;1997-09-14;running-ok
465;5236;1374;389136;48;8107.0;1997-09-15;running-ok
466;5719;3664;271584;48;5658.0;1997-09-20;running-ok
467;5643;3273;94512;12;7876.0;1997-09-21;finished-not-payed
468;7050;10065;311232;48;6484.0;1997-09-23;running-ok
469;6355;6699;127200;48;2650.0;1997-09-24;running-ok
470;6688;8268;8616;24;359.0;1997-09-26;running-ok
471;6239;6083;360864;48;7518.0;1997-09-28;running-debt
472;5531;2753;66432;24;2768.0;1997-09-30;running-ok
473;6113;5445;78696;36;2186.0;1997-10-01;running-ok
474;7181;10679;197808;24;8242.0;1997-10-02;running-ok
475;6118;5477;349392;48;7279.0;1997-10-04;running-ok
476;7264;11141;44940;12;3745.0;1997-10-07;finished-no-problem
477;5343;1906;44952;24;1873.0;1997-10-08;running-ok
478;5051;378;230400;60;3840.0;1997-10-11;running-ok
479;5779;3942;107352;36;2982.0;1997-10-14;running-ok
480;6605;7890;79344;48;1653.0;1997-10-14;running-ok
481;6655;8085;260400;60;4340.0;1997-10-17;running-debt
482;6534;7542;590820;60;9847.0;1997-10-19;running-ok
483;5681;3448;68664;24;2861.0;1997-10-20;running-ok
484;6607;7894;153144;36;4254.0;1997-10-21;running-ok
485;6242;6097;26208;36;728.0;1997-10-22;running-ok
486;7242;11027;48096;24;2004.0;1997-10-23;running-ok
487;7277;11231;89280;12;7440.0;1997-10-24;finished-no-problem
488;6675;8158;238716;36;6631.0;1997-11-01;running-ok
489;5398;2187;53472;12;4456.0;1997-11-04;finished-no-problem
490;5956;4725;168264;36;4674.0;1997-11-04;running-ok
491;5731;3711;460980;60;7683.0;1997-11-05;running-debt
492;6956;9631;59448;24;2477.0;1997-11-09;running-ok
493;6437;7052;63972;36;1777.0;1997-11-09;running-debt
494;5447;2335;541200;60;9020.0;1997-11-12;running-debt
495;5973;4784;219456;48;4572.0;1997-11-24;running-ok
496;6075;5267;129312;24;5388.0;1997-11-26;running-debt
497;5281;1580;194256;24;8094.0;1997-11-27;running-ok
498;5103;666;12540;12;1045.0;1997-11-28;finished-no-problem
499;6468;7176;203940;60;3399.0;1997-11-30;running-ok
500;7209;10857;385560;60;6426.0;1997-11-30;running-debt
501;5584;2986;24792;24;1033.0;1997-12-06;running-ok
502;4988;103;265320;36;7370.0;1997-12-06;running-debt
503;6502;7424;30276;12;2523.0;1997-12-08;finished-no-problem
504;5651;3329;19248;12;1604.0;1997-12-08;finished-no-problem
505;4962;25;30276;12;2523.0;1997-12-08;finished-no-problem
506;5862;4342;100128;24;4172.0;1997-12-09;running-ok
507;7199;10789;45768;12;3814.0;1997-12-09;finished-no-problem
508;6727;8505;42840;12;3570.0;1997-12-10;finished-no-problem
509;7279;11244;155760;24;6490.0;1997-12-11;running-ok
510;6544;7594;130464;48;2718.0;1997-12-11;running-ok
511;5933;4631;87528;24;3647.0;1997-12-13;running-ok
512;6574;7745;77544;36;2154.0;1997-12-20;running-ok
513;6399;6902;49320;36;1370.0;1997-12-21;running-ok
514;7187;10711;24180;60;403.0;1997-12-24;running-ok
515;6353;6686;116496;24;4854.0;1997-12-25;running-ok
516;5043;339;468060;60;7801.0;1997-12-25;running-ok
517;5469;2445;293160;60;4886.0;1997-12-26;running-ok
518;5976;4794;465504;48;9698.0;1997-12-27;running-debt
519;6059;5196;79824;12;6652.0;1997-12-28;finished-no-problem
520;5799;4052;106128;36;2948.0;1997-12-28;running-ok
521;6147;5602;177504;48;3698.0;1997-12-28;running-ok
522;6254;6157;247920;48;5165.0;1997-12-28;running-ok
523;7100;10280;348120;60;5802.0;1997-12-31;running-ok
524;7147;10478;267600;48;5575.0;1998-01-02;running-ok
525;5909;4550;61320;60;1022.0;1998-01-03;running-ok
526;7037;10022;218064;48;4543.0;1998-01-03;running-ok
527;5782;3953;63576;12;5298.0;1998-01-04;running-ok
528;6237;6075;407952;48;8499.0;1998-01-06;running-debt
529;6552;7632;170448;48;3551.0;1998-01-08;running-ok
530;7067;10134;136368;24;5682.0;1998-01-11;running-ok
531;5320;1819;143676;36;3991.0;1998-01-11;running-ok
532;5930;4616;66696;24;2779.0;1998-01-12;running-ok
533;6486;7240;152160;60;2536.0;1998-01-15;running-ok
534;5245;1407;125472;24;5228.0;1998-01-17;running-ok
535;6643;8038;35856;24;1494.0;1998-01-18;running-ok
536;5260;1480;123300;36;3425.0;1998-01-19;running-ok
537;5569;2936;504000;60;8400.0;1998-01-20;running-ok
538;7110;10345;31260;12;2605.0;1998-01-21;running-ok
539;7139;10445;23412;12;1951.0;1998-01-22;running-ok
540;6791;8926;566640;60;9444.0;1998-01-23;running-ok
541;5360;2035;176328;36;4898.0;1998-01-25;running-ok
542;5287;1638;64224;24;2676.0;1998-01-26;running-ok
543;6553;7636;42384;12;3532.0;1998-01-26;running-ok
544;7072;10148;22104;12;1842.0;1998-01-27;running-ok
545;6044;5133;57060;12;4755.0;1998-01-27;running-ok
546;5332;1869;37944;36;1054.0;1998-01-29;running-ok
547;6866;9201;122472;24;5103.0;1998-02-05;running-ok
548;6633;7997;160656;24;6694.0;1998-02-05;running-ok
549;6926;9455;374760;60;6246.0;1998-02-07;running-ok
550;6442;7082;194160;48;4045.0;1998-02-08;running-ok
551;5889;4456;321240;60;5354.0;1998-02-09;running-ok
552;5765;3875;153936;24;6414.0;1998-02-10;running-ok
553;5124;785;156096;36;4336.0;1998-02-12;running-ok
554;5491;2545;428784;48;8933.0;1998-02-13;running-ok
555;6730;8523;93036;12;7753.0;1998-02-15;running-ok
556;7151;10493;133800;24;5575.0;1998-02-18;running-ok
557;5140;873;178500;60;2975.0;1998-02-24;running-ok
558;7171;10650;196224;48;4088.0;1998-02-24;running-ok
559;6568;7713;220440;60;3674.0;1998-02-25;running-ok
560;6861;9179;215040;60;3584.0;1998-02-28;running-ok
561;6855;9153;52236;36;1451.0;1998-03-01;running-ok
562;7129;10404;194280;60;3238.0;1998-03-01;running-ok
563;5384;2142;23328;12;1944.0;1998-03-07;running-ok
564;6859;9167;272220;60;4537.0;1998-03-07;running-ok
565;5772;3906;334620;60;5577.0;1998-03-08;running-ok
566;5665;3390;40632;12;3386.0;1998-03-11;running-ok
567;6495;7274;49044;12;4087.0;1998-03-12;running-ok
568;5061;440;84288;48;1756.0;1998-03-13;running-ok
569;6948;9560;157068;36;4363.0;1998-03-15;running-ok
570;5773;3907;133848;24;5577.0;1998-03-16;running-ok
571;6052;5164;22356;36;621.0;1998-03-23;running-ok
572;6682;8225;36204;12;3017.0;1998-03-30;running-debt
573;6083;5305;240528;48;5011.0;1998-03-31;running-ok
574;6962;9646;279072;48;5814.0;1998-04-02;running-ok
575;5158;1004;188532;36;5237.0;1998-04-11;running-ok
576;6464;7156;49488;24;2062.0;1998-04-16;running-ok
577;5172;1083;50976;36;1416.0;1998-04-16;running-ok
578;5582;2982;41256;12;3438.0;1998-04-17;running-ok
579;6136;5572;140880;60;2348.0;1998-04-19;running-ok
580;6235;6062;321360;60;5356.0;1998-04-19;running-ok
581;6508;7437;110736;48;2307.0;1998-04-19;running-ok
582;4968;38;110736;48;2307.0;1998-04-19;running-ok
583;6632;7990;144960;48;3020.0;1998-04-23;running-ok
584;7195;10774;339168;48;7066.0;1998-04-23;running-ok
585;5525;2720;93888;36;2608.0;1998-04-27;running-ok
586;6320;6495;104964;12;8747.0;1998-04-28;running-ok
587;6766;8784;74352;24;3098.0;1998-04-28;running-ok
588;6872;9227;191580;60;3193.0;1998-04-29;running-ok
589;5906;4533;81144;36;2254.0;1998-05-05;running-ok
590;7172;10652;45720;12;3810.0;1998-05-07;running-ok
591;6571;7733;140064;24;5836.0;1998-05-12;running-ok
592;5616;3143;130896;24;5454.0;1998-05-15;running-ok
593;6312;6453;10944;36;304.0;1998-05-17;running-ok
594;6470;7181;49872;12;4156.0;1998-05-17;running-ok
595;5147;938;22260;60;371.0;1998-05-21;running-ok
596;5501;2622;136344;24;5681.0;1998-05-21;running-ok
597;6436;7049;495180;60;8253.0;1998-05-22;running-ok
598;5699;3562;174960;24;7290.0;1998-05-24;running-ok
599;5313;1776;43200;24;1800.0;1998-05-27;running-ok
600;6234;6061;5148;12;429.0;1998-05-28;running-ok
601;6569;7721;45456;12;3788.0;1998-05-28;running-ok
602;7202;10812;140688;48;2931.0;1998-05-29;running-ok
603;5683;3460;140688;48;2931.0;1998-05-29;running-ok
604;5034;303;112752;36;3132.0;1998-05-30;running-ok
605;5435;2279;314688;48;6556.0;1998-06-01;running-ok
606;5815;4116;151200;36;4200.0;1998-06-03;running-ok
607;5589;3005;390000;48;8125.0;1998-06-05;running-ok
608;6746;8639;185640;60;3094.0;1998-06-06;running-ok
609;6790;8919;76104;24;3171.0;1998-06-08;running-ok
610;6857;9159;69600;48;1450.0;1998-06-08;running-ok
611;6450;7099;234336;48;4882.0;1998-06-10;running-ok
612;7221;10915;152460;60;2541.0;1998-06-11;running-ok
613;5527;2728;156420;60;2607.0;1998-06-15;running-ok
614;5620;3161;30012;12;2501.0;1998-06-16;running-ok
615;6215;5944;78720;48;1640.0;1998-06-18;running-ok
616;7167;10644;269964;36;7499.0;1998-06-18;running-ok
617;5823;4144;212976;36;5916.0;1998-06-21;running-ok
618;6207;5912;184620;60;3077.0;1998-06-23;running-ok
619;6932;9491;225504;48;4698.0;1998-06-25;running-ok
620;5669;3403;71820;36;1995.0;1998-06-27;running-ok
621;5154;993;108720;60;1812.0;1998-07-01;running-ok
622;7168;10645;208332;36;5787.0;1998-07-05;running-ok
623;5585;2988;88608;12;7384.0;1998-07-08;running-ok
624;7200;10799;31140;60;519.0;1998-07-11;running-ok
625;6539;7559;12792;12;1066.0;1998-07-11;running-ok
626;5774;3916;96984;36;2694.0;1998-07-12;running-ok
627;6357;6706;64860;60;1081.0;1998-07-12;running-ok
628;5042;330;331584;48;6908.0;1998-07-12;running-ok
629;5015;226;109344;12;9112.0;1998-07-12;running-ok
630;5354;2000;290820;60;4847.0;1998-07-14;running-ok
631;6054;5180;58764;12;4897.0;1998-07-16;running-ok
632;7295;11328;280440;60;4674.0;1998-07-18;running-ok
633;5365;2055;271260;60;4521.0;1998-07-19;running-ok
634;6755;8713;170700;60;2845.0;1998-07-24;running-ok
635;5991;4858;335184;48;6983.0;1998-07-27;running-debt
636;7035;10005;210744;36;5854.0;1998-07-29;running-ok
637;5893;4467;86184;36;2394.0;1998-08-03;running-ok
638;7164;10613;249792;48;5204.0;1998-08-15;running-ok
639;5304;1718;172272;24;7178.0;1998-08-20;running-ok
640;5561;2910;437460;60;7291.0;1998-08-29;running-ok
641;5520;2699;231168;48;4816.0;1998-08-30;running-ok
642;5241;1389;125472;24;5228.0;1998-09-02;running-ok
643;7096;10257;37812;12;3151.0;1998-09-02;running-ok
644;6078;5283;170832;48;3559.0;1998-09-09;running-ok
645;5046;349;42816;12;3568.0;1998-09-09;running-ok
646;5334;1876;209040;24;8710.0;1998-09-10;running-ok
647;6969;9673;88200;36;2450.0;1998-09-12;running-ok
648;6821;9037;321936;48;6707.0;1998-09-15;running-ok
649;5760;3862;74916;36;2081.0;1998-09-18;running-ok
650;5614;3137;253560;60;4226.0;1998-09-21;running-ok
651;7091;10243;113436;36;3151.0;1998-09-22;running-ok
652;5698;3556;174840;60;2914.0;1998-09-22;running-ok
653;5169;1068;253200;60;4220.0;1998-09-24;running-ok
654;7294;11327;39168;24;1632.0;1998-09-27;running-ok
655;5318;1808;385584;48;8033.0;1998-09-30;running-ok
656;5368;2073;44640;24;1860.0;1998-10-05;running-ok
657;6923;9433;44640;24;1860.0;1998-10-05;running-ok
658;5463;2413;17952;12;1496.0;1998-10-06;running-ok
659;5265;1498;165780;60;2763.0;1998-10-07;running-ok
660;6321;6505;38496;12;3208.0;1998-10-08;running-ok
661;5226;1318;185544;36;5154.0;1998-10-11;running-ok
662;6868;9208;82128;24;3422.0;1998-10-12;running-ok
663;4967;37;318480;60;5308.0;1998-10-14;running-debt
664;5293;1656;189792;48;3954.0;1998-10-29;running-ok
665;5865;4354;327660;60;5461.0;1998-10-30;running-ok
666;5841;4268;41988;12;3499.0;1998-11-04;running-ok
667;5526;2725;69624;36;1934.0;1998-11-08;running-ok
668;6852;9140;16032;48;334.0;1998-11-10;running-ok
669;6469;7180;99744;24;4156.0;1998-11-17;running-ok
670;6168;5698;99216;36;2756.0;1998-11-21;running-ok
671;7292;11317;317460;60;5291.0;1998-11-22;running-ok
672;5036;309;91248;48;1901.0;1998-11-25;running-ok
673;5644;3293;276084;36;7669.0;1998-11-27;running-ok
674;6856;9156;163332;36;4537.0;1998-12-01;running-ok
675;5428;2262;230220;36;6395.0;1998-12-02;running-ok
676;5027;276;160920;36;4470.0;1998-12-02;running-ok
677;4989;105;352704;48;7348.0;1998-12-05;running-ok
678;5221;1284;52512;12;4376.0;1998-12-05;running-ok
679;6402;6922;139488;24;5812.0;1998-12-06;running-ok
680;5346;1928;55632;24;2318.0;1998-12-06;running-ok
681;6748;8645;240900;60;4015.0;1998-12-08;running-ok
